Spec,Variant,city,n_plants,n_obs,R2_log,Spearman,R2_demeaned,R2_log_relev
M_base (lat/lon),Raw,Tangshan,6.0,255.0,-2.5884,0.0706,,
M_base (lat/lon),Raw,Handan,5.0,224.0,-0.7096,-0.0483,,
M_base (lat/lon),Raw,Linfen,3.0,118.0,-0.6035,-0.3031,,
M_base (lat/lon),Raw,Suzhou,2.0,90.0,-2.7217,-0.6196,,
M_base (lat/lon),Raw,Qinhuangdao,2.0,75.0,-2.9455,-0.5251,,
M_base (lat/lon),Raw,Jinan,2.0,90.0,-2.0772,0.6669,,
M_base (lat/lon),Raw,Yuxi,2.0,90.0,-0.2369,0.0181,,
M_base (lat/lon),Raw,Xingtai,2.0,71.0,0.0483,0.3755,,
M_base (lat/lon),Raw,Chaoyang,1.0,45.0,-3.3594,0.3027,,
M_base (lat/lon),Raw,Changzhi,1.0,45.0,-8.5085,0.3047,,
M_base (lat/lon),Raw,Dongli District,1.0,45.0,-3.2137,0.1721,,
M_base (lat/lon),Raw,Ezhou,1.0,45.0,-2.0523,0.1602,,
M_base (lat/lon),Raw,Fangchenggang,1.0,32.0,-83.5721,0.1558,,
M_base (lat/lon),Raw,Chizhou,1.0,43.0,-4.7413,0.0245,,
M_base (lat/lon),Raw,Hanzhong City,1.0,43.0,-5.2875,0.3892,,
M_base (lat/lon),Raw,Hejin,1.0,45.0,-28.5425,0.4813,,
M_base (lat/lon),Raw,Dalian,1.0,45.0,-19.6984,-0.0357,,
M_base (lat/lon),Raw,Chengde,1.0,45.0,-1.7034,0.3064,,
M_base (lat/lon),Raw,Benxi,1.0,45.0,-88.321,-0.1613,,
M_base (lat/lon),Raw,Changshou,1.0,45.0,-0.7332,0.0652,,
M_base (lat/lon),Raw,Anyang,1.0,45.0,-0.1296,0.4051,,
M_base (lat/lon),Raw,Baoshan,1.0,45.0,-120.7448,0.364,,
M_base (lat/lon),Raw,Lengshuijiang,1.0,45.0,-22.503,-0.1345,,
M_base (lat/lon),Raw,Lanzhou,1.0,21.0,0.2222,0.1994,,
M_base (lat/lon),Raw,Jiujiang,1.0,45.0,-141.6524,0.2974,,
M_base (lat/lon),Raw,Jiangyin,1.0,45.0,-7.0126,-0.0545,,
M_base (lat/lon),Raw,Huai'an,1.0,45.0,-55.8043,0.1855,,
M_base (lat/lon),Raw,Huangshi,1.0,45.0,-0.4684,0.2531,,
M_base (lat/lon),Raw,Lvliang,1.0,45.0,-62.324,-0.141,,
M_base (lat/lon),Raw,Lianyungang,1.0,45.0,-0.0742,0.2888,,
M_base (lat/lon),Raw,Nanjing,1.0,45.0,-113.2629,0.0614,,
M_base (lat/lon),Raw,Nanchang,1.0,45.0,-12.3601,0.124,,
M_base (lat/lon),Raw,Ningbo,1.0,45.0,-8.1059,0.1441,,
M_base (lat/lon),Raw,Nanyang,1.0,45.0,-0.729,0.5026,,
M_base (lat/lon),Raw,Quzhou,1.0,45.0,-11.3272,-0.121,,
M_base (lat/lon),Raw,Ma'anshan,1.0,36.0,-0.5807,0.2388,,
M_base (lat/lon),Raw,Liupanshui,1.0,45.0,-1.2048,0.2582,,
M_base (lat/lon),Raw,Loudi,1.0,45.0,-41.0987,0.173,,
M_base (lat/lon),Raw,Shijiazhuang,1.0,32.0,-1.3512,0.2159,,
M_base (lat/lon),Raw,Shaoguan,1.0,45.0,-10.4451,0.1362,,
M_base (lat/lon),Raw,Rizhao,1.0,44.0,-14.2902,0.2458,,
M_base (lat/lon),Raw,Taiyuan,1.0,45.0,-54.7362,0.2792,,
M_base (lat/lon),Raw,Tongling,1.0,44.0,-0.613,0.1199,,
M_base (lat/lon),Raw,Weifang,1.0,44.0,0.3084,0.5247,,
M_base (lat/lon),Raw,Tongchun District,1.0,45.0,-71.9588,0.2462,,
M_base (lat/lon),Raw,Tonghua,1.0,45.0,-13.9512,0.1594,,
M_base (lat/lon),Raw,Wuxi,1.0,45.0,-13.0473,0.13,,
M_base (lat/lon),Raw,Wuhu,1.0,6.0,-207.6371,0.6,,
M_base (lat/lon),Raw,Xinyang,1.0,45.0,-0.7911,0.049,,
M_base (lat/lon),Raw,Xining,1.0,44.0,-0.2583,-0.0118,,
M_base (lat/lon),Raw,Yancheng,1.0,45.0,-0.4151,0.4903,,
M_base (lat/lon),Raw,Yichun,1.0,45.0,-17.2209,-0.0543,,
M_base (lat/lon),Raw,Yingkou,1.0,45.0,-10.3209,0.2418,,
M_base (lat/lon),Raw,Yuncheng,1.0,28.0,-2.5764,0.0257,,
M_base (lat/lon),Raw_summary_multi,MULTI_SUMMARY,,,-1.540879170779862,-0.034963474827245794,,
M_base (lat/lon),Raw_summary_single,SINGLE_SUMMARY,,,-24.544664458140723,0.1797779661016949,,
M_base (lat/lon),Demeaned,Tangshan,6.0,255.0,,0.9955,0.9717,0.9717
M_base (lat/lon),Demeaned,Handan,5.0,224.0,,0.9747,0.8721,0.8721
M_base (lat/lon),Demeaned,Linfen,3.0,118.0,,0.9779,0.8676,0.8676
M_base (lat/lon),Demeaned,Suzhou,2.0,90.0,,0.995,0.9933,0.9933
M_base (lat/lon),Demeaned,Qinhuangdao,2.0,75.0,,0.9764,0.9175,0.9175
M_base (lat/lon),Demeaned,Jinan,2.0,90.0,,0.9894,0.9626,0.9626
M_base (lat/lon),Demeaned,Yuxi,2.0,90.0,,0.9933,0.9748,0.9748
M_base (lat/lon),Demeaned,Xingtai,2.0,71.0,,0.9294,0.8472,0.8472
M_base (lat/lon),Demeaned,Chaoyang,1.0,45.0,,0.9924,0.9887,0.9887
M_base (lat/lon),Demeaned,Changzhi,1.0,45.0,,0.9779,0.8639,0.8639
M_base (lat/lon),Demeaned,Dongli District,1.0,45.0,,0.9755,0.9342,0.9342
M_base (lat/lon),Demeaned,Ezhou,1.0,45.0,,0.9161,0.0676,0.0676
M_base (lat/lon),Demeaned,Fangchenggang,1.0,32.0,,0.6455,-1.2359,-1.2359
M_base (lat/lon),Demeaned,Chizhou,1.0,43.0,,0.9651,0.8053,0.8053
M_base (lat/lon),Demeaned,Hanzhong City,1.0,43.0,,0.9437,0.6251,0.6251
M_base (lat/lon),Demeaned,Hejin,1.0,45.0,,0.7588,-0.7786,-0.7786
M_base (lat/lon),Demeaned,Dalian,1.0,45.0,,0.9253,-0.0604,-0.0604
M_base (lat/lon),Demeaned,Chengde,1.0,45.0,,0.9842,0.9868,0.9868
M_base (lat/lon),Demeaned,Benxi,1.0,45.0,,0.3659,-8.549,-8.549
M_base (lat/lon),Demeaned,Changshou,1.0,45.0,,0.9914,0.9844,0.9844
M_base (lat/lon),Demeaned,Anyang,1.0,45.0,,0.988,0.9182,0.9182
M_base (lat/lon),Demeaned,Baoshan,1.0,45.0,,0.5622,-4.495,-4.495
M_base (lat/lon),Demeaned,Lengshuijiang,1.0,45.0,,0.9858,0.8605,0.8605
M_base (lat/lon),Demeaned,Lanzhou,1.0,21.0,,0.5119,0.708,0.708
M_base (lat/lon),Demeaned,Jiujiang,1.0,45.0,,0.6309,-0.1384,-0.1384
M_base (lat/lon),Demeaned,Jiangyin,1.0,45.0,,0.9634,0.9657,0.9657
M_base (lat/lon),Demeaned,Huai'an,1.0,45.0,,0.8734,0.6858,0.6858
M_base (lat/lon),Demeaned,Huangshi,1.0,45.0,,0.9592,0.9327,0.9327
M_base (lat/lon),Demeaned,Lvliang,1.0,45.0,,0.8729,-0.8336,-0.8336
M_base (lat/lon),Demeaned,Lianyungang,1.0,45.0,,0.9899,0.9877,0.9877
M_base (lat/lon),Demeaned,Nanjing,1.0,45.0,,0.7946,-0.4926,-0.4926
M_base (lat/lon),Demeaned,Nanchang,1.0,45.0,,0.9515,0.957,0.957
M_base (lat/lon),Demeaned,Ningbo,1.0,45.0,,0.9485,0.9641,0.9641
M_base (lat/lon),Demeaned,Nanyang,1.0,45.0,,0.9769,0.8924,0.8924
M_base (lat/lon),Demeaned,Quzhou,1.0,45.0,,0.9945,0.9887,0.9887
M_base (lat/lon),Demeaned,Ma'anshan,1.0,36.0,,0.984,0.893,0.893
M_base (lat/lon),Demeaned,Liupanshui,1.0,45.0,,0.9708,0.9437,0.9437
M_base (lat/lon),Demeaned,Loudi,1.0,45.0,,0.8269,0.4779,0.4779
M_base (lat/lon),Demeaned,Shijiazhuang,1.0,32.0,,0.9872,0.9556,0.9556
M_base (lat/lon),Demeaned,Shaoguan,1.0,45.0,,0.9843,0.7903,0.7903
M_base (lat/lon),Demeaned,Rizhao,1.0,44.0,,0.7311,-0.1372,-0.1372
M_base (lat/lon),Demeaned,Taiyuan,1.0,45.0,,0.7449,-0.5656,-0.5656
M_base (lat/lon),Demeaned,Tongling,1.0,44.0,,0.8947,0.7691,0.7691
M_base (lat/lon),Demeaned,Weifang,1.0,44.0,,0.919,0.4893,0.4893
M_base (lat/lon),Demeaned,Tongchun District,1.0,45.0,,0.942,0.6721,0.6721
M_base (lat/lon),Demeaned,Tonghua,1.0,45.0,,0.9917,0.9738,0.9738
M_base (lat/lon),Demeaned,Wuxi,1.0,45.0,,0.4198,-0.7888,-0.7888
M_base (lat/lon),Demeaned,Wuhu,1.0,6.0,,-0.3143,-7.3642,-7.3642
M_base (lat/lon),Demeaned,Xinyang,1.0,45.0,,0.9054,0.8651,0.8651
M_base (lat/lon),Demeaned,Xining,1.0,44.0,,0.9174,0.7381,0.7381
M_base (lat/lon),Demeaned,Yancheng,1.0,45.0,,0.9953,0.9485,0.9485
M_base (lat/lon),Demeaned,Yichun,1.0,45.0,,0.9252,0.9104,0.9104
M_base (lat/lon),Demeaned,Yingkou,1.0,45.0,,0.9822,0.9608,0.9608
M_base (lat/lon),Demeaned,Yuncheng,1.0,28.0,,0.965,0.9573,0.9573
M3 (dist+port),Raw,Tangshan,6.0,255.0,-1.2351,-0.148,,
M3 (dist+port),Raw,Handan,5.0,224.0,-3.5682,-0.249,,
M3 (dist+port),Raw,Linfen,3.0,118.0,-0.2353,-0.0251,,
M3 (dist+port),Raw,Suzhou,2.0,90.0,-1.246,-0.5929,,
M3 (dist+port),Raw,Qinhuangdao,2.0,75.0,-1.3897,0.1684,,
M3 (dist+port),Raw,Jinan,2.0,90.0,-2.2586,0.1229,,
M3 (dist+port),Raw,Yuxi,2.0,90.0,-2.4473,-0.1436,,
M3 (dist+port),Raw,Xingtai,2.0,71.0,0.1024,0.4675,,
M3 (dist+port),Raw,Chaoyang,1.0,45.0,-2.6803,0.5879,,
M3 (dist+port),Raw,Changzhi,1.0,45.0,-22.6047,0.0904,,
M3 (dist+port),Raw,Dongli District,1.0,45.0,-0.6884,0.3207,,
M3 (dist+port),Raw,Ezhou,1.0,45.0,-7.4433,0.3703,,
M3 (dist+port),Raw,Fangchenggang,1.0,32.0,-51.777,0.3207,,
M3 (dist+port),Raw,Chizhou,1.0,43.0,-3.7399,-0.2937,,
M3 (dist+port),Raw,Hanzhong City,1.0,43.0,-6.7578,0.0645,,
M3 (dist+port),Raw,Hejin,1.0,45.0,-98.3672,0.5152,,
M3 (dist+port),Raw,Dalian,1.0,45.0,-13.9947,-0.0105,,
M3 (dist+port),Raw,Chengde,1.0,45.0,-6.6026,0.0383,,
M3 (dist+port),Raw,Benxi,1.0,45.0,-45.333,0.0744,,
M3 (dist+port),Raw,Changshou,1.0,45.0,-1.4555,0.2378,,
M3 (dist+port),Raw,Anyang,1.0,45.0,-0.2402,0.382,,
M3 (dist+port),Raw,Baoshan,1.0,45.0,-97.4997,0.2888,,
M3 (dist+port),Raw,Lengshuijiang,1.0,45.0,-14.8651,0.2011,,
M3 (dist+port),Raw,Lanzhou,1.0,21.0,-2.1165,0.2183,,
M3 (dist+port),Raw,Jiujiang,1.0,45.0,-120.1066,0.0537,,
M3 (dist+port),Raw,Jiangyin,1.0,45.0,-19.885,0.1333,,
M3 (dist+port),Raw,Huai'an,1.0,45.0,-11.0134,0.2984,,
M3 (dist+port),Raw,Huangshi,1.0,45.0,-2.9711,0.3943,,
M3 (dist+port),Raw,Lvliang,1.0,45.0,-7.8482,0.1978,,
M3 (dist+port),Raw,Lianyungang,1.0,45.0,-0.2086,0.3519,,
M3 (dist+port),Raw,Nanjing,1.0,45.0,-74.8315,0.224,,
M3 (dist+port),Raw,Nanchang,1.0,45.0,-1.5956,0.2455,,
M3 (dist+port),Raw,Ningbo,1.0,45.0,-11.9375,-0.0285,,
M3 (dist+port),Raw,Nanyang,1.0,45.0,-1.233,0.2436,,
M3 (dist+port),Raw,Quzhou,1.0,45.0,-19.4678,-0.0982,,
M3 (dist+port),Raw,Ma'anshan,1.0,36.0,-0.0562,0.0377,,
M3 (dist+port),Raw,Liupanshui,1.0,45.0,-2.0559,0.3554,,
M3 (dist+port),Raw,Loudi,1.0,45.0,-2.8561,0.2086,,
M3 (dist+port),Raw,Shijiazhuang,1.0,32.0,-0.5974,0.088,,
M3 (dist+port),Raw,Shaoguan,1.0,45.0,-8.4911,-0.0302,,
M3 (dist+port),Raw,Rizhao,1.0,44.0,-18.0767,-0.0732,,
M3 (dist+port),Raw,Taiyuan,1.0,45.0,-33.6684,0.3993,,
M3 (dist+port),Raw,Tongling,1.0,44.0,-0.876,0.1966,,
M3 (dist+port),Raw,Weifang,1.0,44.0,-9.2714,0.2332,,
M3 (dist+port),Raw,Tongchun District,1.0,45.0,-80.1995,0.2161,,
M3 (dist+port),Raw,Tonghua,1.0,45.0,-5.0738,0.0399,,
M3 (dist+port),Raw,Wuxi,1.0,45.0,-1.1223,0.3578,,
M3 (dist+port),Raw,Wuhu,1.0,6.0,-698.4902,0.5429,,
M3 (dist+port),Raw,Xinyang,1.0,45.0,-5.7949,0.0728,,
M3 (dist+port),Raw,Xining,1.0,44.0,-1.0003,0.0191,,
M3 (dist+port),Raw,Yancheng,1.0,45.0,-0.9335,0.4036,,
M3 (dist+port),Raw,Yichun,1.0,45.0,-6.6602,0.0896,,
M3 (dist+port),Raw,Yingkou,1.0,45.0,-6.9971,0.4252,,
M3 (dist+port),Raw,Yuncheng,1.0,28.0,-2.0276,0.0257,,
M3 (dist+port),Raw_summary_multi,MULTI_SUMMARY,,,-1.7518467917077987,-0.10452053307008884,,
M3 (dist+port),Raw_summary_single,SINGLE_SUMMARY,,,-20.986183975346687,0.19205731895223419,,
M3 (dist+port),Demeaned,Tangshan,6.0,255.0,,0.9935,0.9705,0.9705
M3 (dist+port),Demeaned,Handan,5.0,224.0,,0.9575,0.6826,0.6826
M3 (dist+port),Demeaned,Linfen,3.0,118.0,,0.9765,0.8431,0.8431
M3 (dist+port),Demeaned,Suzhou,2.0,90.0,,0.9935,0.9928,0.9928
M3 (dist+port),Demeaned,Qinhuangdao,2.0,75.0,,0.9747,0.9403,0.9403
M3 (dist+port),Demeaned,Jinan,2.0,90.0,,0.9788,0.9538,0.9538
M3 (dist+port),Demeaned,Yuxi,2.0,90.0,,0.9903,0.9406,0.9406
M3 (dist+port),Demeaned,Xingtai,2.0,71.0,,0.9352,0.8555,0.8555
M3 (dist+port),Demeaned,Chaoyang,1.0,45.0,,0.9914,0.9845,0.9845
M3 (dist+port),Demeaned,Changzhi,1.0,45.0,,0.9663,0.8561,0.8561
M3 (dist+port),Demeaned,Dongli District,1.0,45.0,,0.9704,0.9379,0.9379
M3 (dist+port),Demeaned,Ezhou,1.0,45.0,,0.9742,0.9334,0.9334
M3 (dist+port),Demeaned,Fangchenggang,1.0,32.0,,0.5975,-2.0574,-2.0574
M3 (dist+port),Demeaned,Chizhou,1.0,43.0,,0.9616,0.7895,0.7895
M3 (dist+port),Demeaned,Hanzhong City,1.0,43.0,,0.9334,0.5985,0.5985
M3 (dist+port),Demeaned,Hejin,1.0,45.0,,0.7983,-0.4596,-0.4596
M3 (dist+port),Demeaned,Dalian,1.0,45.0,,0.9125,0.5323,0.5323
M3 (dist+port),Demeaned,Chengde,1.0,45.0,,0.9878,0.9942,0.9942
M3 (dist+port),Demeaned,Benxi,1.0,45.0,,0.3344,-6.7266,-6.7266
M3 (dist+port),Demeaned,Changshou,1.0,45.0,,0.9881,0.9775,0.9775
M3 (dist+port),Demeaned,Anyang,1.0,45.0,,0.9464,0.9218,0.9218
M3 (dist+port),Demeaned,Baoshan,1.0,45.0,,0.6261,-3.792,-3.792
M3 (dist+port),Demeaned,Lengshuijiang,1.0,45.0,,0.9874,0.8665,0.8665
M3 (dist+port),Demeaned,Lanzhou,1.0,21.0,,0.6067,0.8869,0.8869
M3 (dist+port),Demeaned,Jiujiang,1.0,45.0,,0.777,-0.8256,-0.8256
M3 (dist+port),Demeaned,Jiangyin,1.0,45.0,,0.9597,0.9766,0.9766
M3 (dist+port),Demeaned,Huai'an,1.0,45.0,,0.9516,0.8144,0.8144
M3 (dist+port),Demeaned,Huangshi,1.0,45.0,,0.9693,0.9136,0.9136
M3 (dist+port),Demeaned,Lvliang,1.0,45.0,,0.9734,0.947,0.947
M3 (dist+port),Demeaned,Lianyungang,1.0,45.0,,0.9891,0.9935,0.9935
M3 (dist+port),Demeaned,Nanjing,1.0,45.0,,0.6689,-0.6922,-0.6922
M3 (dist+port),Demeaned,Nanchang,1.0,45.0,,0.9662,0.9589,0.9589
M3 (dist+port),Demeaned,Ningbo,1.0,45.0,,0.9146,0.9799,0.9799
M3 (dist+port),Demeaned,Nanyang,1.0,45.0,,0.9877,0.8945,0.8945
M3 (dist+port),Demeaned,Quzhou,1.0,45.0,,0.9905,0.9821,0.9821
M3 (dist+port),Demeaned,Ma'anshan,1.0,36.0,,0.9923,0.8819,0.8819
M3 (dist+port),Demeaned,Liupanshui,1.0,45.0,,0.9539,0.9401,0.9401
M3 (dist+port),Demeaned,Loudi,1.0,45.0,,0.8887,0.4189,0.4189
M3 (dist+port),Demeaned,Shijiazhuang,1.0,32.0,,0.9934,0.9493,0.9493
M3 (dist+port),Demeaned,Shaoguan,1.0,45.0,,0.9543,0.7804,0.7804
M3 (dist+port),Demeaned,Rizhao,1.0,44.0,,0.6732,-0.5247,-0.5247
M3 (dist+port),Demeaned,Taiyuan,1.0,45.0,,0.793,-0.1981,-0.1981
M3 (dist+port),Demeaned,Tongling,1.0,44.0,,0.9023,0.6767,0.6767
M3 (dist+port),Demeaned,Weifang,1.0,44.0,,0.967,0.768,0.768
M3 (dist+port),Demeaned,Tongchun District,1.0,45.0,,0.8884,0.6227,0.6227
M3 (dist+port),Demeaned,Tonghua,1.0,45.0,,0.9877,0.98,0.98
M3 (dist+port),Demeaned,Wuxi,1.0,45.0,,0.4444,-0.5351,-0.5351
M3 (dist+port),Demeaned,Wuhu,1.0,6.0,,-0.0857,-29.0763,-29.0763
M3 (dist+port),Demeaned,Xinyang,1.0,45.0,,0.8855,0.9515,0.9515
M3 (dist+port),Demeaned,Xining,1.0,44.0,,0.9395,0.5758,0.5758
M3 (dist+port),Demeaned,Yancheng,1.0,45.0,,0.9933,0.9757,0.9757
M3 (dist+port),Demeaned,Yichun,1.0,45.0,,0.9025,0.8422,0.8422
M3 (dist+port),Demeaned,Yingkou,1.0,45.0,,0.9739,0.8955,0.8955
M3 (dist+port),Demeaned,Yuncheng,1.0,28.0,,0.9726,0.9736,0.9736
